demographic_variable,category,YouTube,Facebook,Instagram,TikTok,WhatsApp,Reddit,Snapchat,X_Twitter,Threads,Bluesky,Truth_Social
Age,18-29,95,68,80,63,37,48,58,33,15,6,1
Age,30-49,92,80,62,44,40,35,31,25,10,5,3
Age,50-64,85,74,40,30,30,16,13,16,6,3,5
Age,65+,64,57,19,12,20,6,4,10,3,2,4
Gender,Men,86,63,44,30,30,29,22,25,8,4,4
Gender,Women,83,78,55,42,34,23,28,16,9,3,3
Race_Ethnicity,White,82,70,45,28,23,27,24,18,6,4,4
Race_Ethnicity,Black,85,74,54,53,37,18,29,26,18,2,2
Race_Ethnicity,Hispanic,88,74,62,57,56,22,31,23,10,4,2
Race_Ethnicity,Asian,92,62,58,31,54,44,19,32,12,3,6
Education,High school or less,78,69,41,40,27,15,24,16,7,2,3
Education,Some college,87,73,53,42,29,28,29,23,9,4,5
Education,College graduate,89,71,58,29,41,37,24,24,9,6,3
Community,Urban,85,71,55,42,44,29,25,23,11,4,2
Community,Suburban,87,71,54,37,34,30,26,22,9,5,4
Community,Rural,79,71,37,32,17,18,23,17,4,2,4
Party_ID,Rep/Lean Rep,84,72,49,33,25,22,26,24,6,1,6
Party_ID,Dem/Lean Dem,85,70,53,40,38,32,25,19,10,8,1
